{"cameraMode":{"drawMode":0,"name":"Shaded","section":"Shading Mode"},"sceneLighting":true,"audioPlay":false,"sceneViewState":{"m_AlwaysRefresh":false,"showFog":true,"showSkybox":true,"showFlares":true,"showImageEffects":true,"showParticleSystems":true,"showVisualEffectGraphs":true,"m_FxEnabled":true},"in2DMode":false,"pivot":{"x":3.745014190673828,"y":0.5266985297203064,"z":0.535123884677887},"rotation":{"x":-0.053841136395931247,"y":-0.8657492399215698,"z":0.09545176476240158,"w":-0.4883394241333008},"size":0.5660253763198853,"orthographic":false}