{"cameraMode":{"drawMode":0,"name":"Shaded","section":"Shading Mode"},"sceneLighting":true,"audioPlay":false,"sceneViewState":{"m_AlwaysRefresh":false,"showFog":true,"showSkybox":true,"showFlares":true,"showImageEffects":true,"showParticleSystems":true,"showVisualEffectGraphs":true,"m_FxEnabled":true},"in2DMode":false,"pivot":{"x":3.4179999828338625,"y":-0.08996868133544922,"z":-0.33148670196533205},"rotation":{"x":-0.09705023467540741,"y":0.11052148789167404,"z":-0.01084465254098177,"w":-0.989068329334259},"size":10.307765007019043,"orthographic":false}